date,best_param_idx,best_param,best_metric
2025-10-29 02:20:00,444,"{'stake_short_frac': 0.15, 'stake_long_frac': 0.25, 'stop_loss_frac': 0.01, 'take_profit_frac': 0.02, 'max_hold_hours': 1.0}",2.20439
2025-10-29 04:40:00,444,"{'stake_short_frac': 0.15, 'stake_long_frac': 0.25, 'stop_loss_frac': 0.01, 'take_profit_frac': 0.02, 'max_hold_hours': 1.0}",2.20439
2025-10-29 07:00:00,444,"{'stake_short_frac': 0.15, 'stake_long_frac': 0.25, 'stop_loss_frac': 0.01, 'take_profit_frac': 0.02, 'max_hold_hours': 1.0}",2.20439
2025-10-29 09:20:00,444,"{'stake_short_frac': 0.15, 'stake_long_frac': 0.25, 'stop_loss_frac': 0.01, 'take_profit_frac': 0.02, 'max_hold_hours': 1.0}",2.20439
2025-10-29 11:40:00,444,"{'stake_short_frac': 0.15, 'stake_long_frac': 0.25, 'stop_loss_frac': 0.01, 'take_profit_frac': 0.02, 'max_hold_hours': 1.0}",2.20439
2025-10-29 14:00:00,336,"{'stake_short_frac': 0.15, 'stake_long_frac': 0.1, 'stop_loss_frac': 0.01, 'take_profit_frac': 0.02, 'max_hold_hours': 1.0}",2.15418
2025-10-29 16:20:00,336,"{'stake_short_frac': 0.15, 'stake_long_frac': 0.1, 'stop_loss_frac': 0.01, 'take_profit_frac': 0.02, 'max_hold_hours': 1.0}",2.10471
2025-10-29 18:40:00,353,"{'stake_short_frac': 0.15, 'stake_long_frac': 0.1, 'stop_loss_frac': 0.02, 'take_profit_frac': 0.04, 'max_hold_hours': 24.0}",2.07116
2025-10-29 21:00:00,0,"{'stake_short_frac': 0.05, 'stake_long_frac': 0.1, 'stop_loss_frac': 0.0025, 'take_profit_frac': 0.005, 'max_hold_hours': 1.0}",-0.1
2025-10-29 23:20:00,0,"{'stake_short_frac': 0.05, 'stake_long_frac': 0.1, 'stop_loss_frac': 0.0025, 'take_profit_frac': 0.005, 'max_hold_hours': 1.0}",-0.1
2025-10-30 01:40:00,0,"{'stake_short_frac': 0.05, 'stake_long_frac': 0.1, 'stop_loss_frac': 0.0025, 'take_profit_frac': 0.005, 'max_hold_hours': 1.0}",-0.1
2025-10-30 04:00:00,325,"{'stake_short_frac': 0.15, 'stake_long_frac': 0.1, 'stop_loss_frac': 0.0025, 'take_profit_frac': 0.005, 'max_hold_hours': 2.0}",2.05132
2025-10-30 06:20:00,439,"{'stake_short_frac': 0.15, 'stake_long_frac': 0.25, 'stop_loss_frac': 0.005, 'take_profit_frac': 0.01, 'max_hold_hours': 2.0}",2.15766
2025-10-30 08:40:00,439,"{'stake_short_frac': 0.15, 'stake_long_frac': 0.25, 'stop_loss_frac': 0.005, 'take_profit_frac': 0.01, 'max_hold_hours': 2.0}",2.15766
2025-10-30 11:00:00,439,"{'stake_short_frac': 0.15, 'stake_long_frac': 0.25, 'stop_loss_frac': 0.005, 'take_profit_frac': 0.01, 'max_hold_hours': 2.0}",2.15766
2025-10-30 13:20:00,439,"{'stake_short_frac': 0.15, 'stake_long_frac': 0.25, 'stop_loss_frac': 0.005, 'take_profit_frac': 0.01, 'max_hold_hours': 2.0}",2.15766
2025-10-30 15:40:00,439,"{'stake_short_frac': 0.15, 'stake_long_frac': 0.25, 'stop_loss_frac': 0.005, 'take_profit_frac': 0.01, 'max_hold_hours': 2.0}",2.15766
2025-10-30 18:00:00,439,"{'stake_short_frac': 0.15, 'stake_long_frac': 0.25, 'stop_loss_frac': 0.005, 'take_profit_frac': 0.01, 'max_hold_hours': 2.0}",2.15766
2025-10-30 20:20:00,439,"{'stake_short_frac': 0.15, 'stake_long_frac': 0.25, 'stop_loss_frac': 0.005, 'take_profit_frac': 0.01, 'max_hold_hours': 2.0}",2.15766
2025-10-30 22:40:00,439,"{'stake_short_frac': 0.15, 'stake_long_frac': 0.25, 'stop_loss_frac': 0.005, 'take_profit_frac': 0.01, 'max_hold_hours': 2.0}",2.15766
2025-10-31 01:00:00,439,"{'stake_short_frac': 0.15, 'stake_long_frac': 0.25, 'stop_loss_frac': 0.005, 'take_profit_frac': 0.01, 'max_hold_hours': 2.0}",2.15766
2025-10-31 03:20:00,439,"{'stake_short_frac': 0.15, 'stake_long_frac': 0.25, 'stop_loss_frac': 0.005, 'take_profit_frac': 0.01, 'max_hold_hours': 2.0}",2.15739
2025-10-31 05:40:00,0,"{'stake_short_frac': 0.05, 'stake_long_frac': 0.1, 'stop_loss_frac': 0.0025, 'take_profit_frac': 0.005, 'max_hold_hours': 1.0}",-0.1
2025-10-31 08:00:00,0,"{'stake_short_frac': 0.05, 'stake_long_frac': 0.1, 'stop_loss_frac': 0.0025, 'take_profit_frac': 0.005, 'max_hold_hours': 1.0}",-0.1
2025-10-31 10:20:00,0,"{'stake_short_frac': 0.05, 'stake_long_frac': 0.1, 'stop_loss_frac': 0.0025, 'take_profit_frac': 0.005, 'max_hold_hours': 1.0}",-0.1
2025-10-31 12:40:00,0,"{'stake_short_frac': 0.05, 'stake_long_frac': 0.1, 'stop_loss_frac': 0.0025, 'take_profit_frac': 0.005, 'max_hold_hours': 1.0}",-0.1
2025-10-31 15:00:00,0,"{'stake_short_frac': 0.05, 'stake_long_frac': 0.1, 'stop_loss_frac': 0.0025, 'take_profit_frac': 0.005, 'max_hold_hours': 1.0}",-0.1
2025-10-31 17:20:00,0,"{'stake_short_frac': 0.05, 'stake_long_frac': 0.1, 'stop_loss_frac': 0.0025, 'take_profit_frac': 0.005, 'max_hold_hours': 1.0}",-0.1
2025-10-31 19:40:00,0,"{'stake_short_frac': 0.05, 'stake_long_frac': 0.1, 'stop_loss_frac': 0.0025, 'take_profit_frac': 0.005, 'max_hold_hours': 1.0}",-0.1
2025-10-31 22:00:00,0,"{'stake_short_frac': 0.05, 'stake_long_frac': 0.1, 'stop_loss_frac': 0.0025, 'take_profit_frac': 0.005, 'max_hold_hours': 1.0}",-0.1
2025-11-01 00:20:00,0,"{'stake_short_frac': 0.05, 'stake_long_frac': 0.1, 'stop_loss_frac': 0.0025, 'take_profit_frac': 0.005, 'max_hold_hours': 1.0}",-0.1
2025-11-01 02:40:00,0,"{'stake_short_frac': 0.05, 'stake_long_frac': 0.1, 'stop_loss_frac': 0.0025, 'take_profit_frac': 0.005, 'max_hold_hours': 1.0}",-0.1
2025-11-01 05:00:00,0,"{'stake_short_frac': 0.05, 'stake_long_frac': 0.1, 'stop_loss_frac': 0.0025, 'take_profit_frac': 0.005, 'max_hold_hours': 1.0}",-0.1
2025-11-01 07:20:00,0,"{'stake_short_frac': 0.05, 'stake_long_frac': 0.1, 'stop_loss_frac': 0.0025, 'take_profit_frac': 0.005, 'max_hold_hours': 1.0}",-0.1
2025-11-01 09:40:00,0,"{'stake_short_frac': 0.05, 'stake_long_frac': 0.1, 'stop_loss_frac': 0.0025, 'take_profit_frac': 0.005, 'max_hold_hours': 1.0}",-0.1
2025-11-01 12:00:00,0,"{'stake_short_frac': 0.05, 'stake_long_frac': 0.1, 'stop_loss_frac': 0.0025, 'take_profit_frac': 0.005, 'max_hold_hours': 1.0}",-0.1
2025-11-01 14:20:00,0,"{'stake_short_frac': 0.05, 'stake_long_frac': 0.1, 'stop_loss_frac': 0.0025, 'take_profit_frac': 0.005, 'max_hold_hours': 1.0}",-0.1
2025-11-01 16:40:00,0,"{'stake_short_frac': 0.05, 'stake_long_frac': 0.1, 'stop_loss_frac': 0.0025, 'take_profit_frac': 0.005, 'max_hold_hours': 1.0}",-0.1
2025-11-01 19:00:00,0,"{'stake_short_frac': 0.05, 'stake_long_frac': 0.1, 'stop_loss_frac': 0.0025, 'take_profit_frac': 0.005, 'max_hold_hours': 1.0}",-0.1
2025-11-01 21:20:00,0,"{'stake_short_frac': 0.05, 'stake_long_frac': 0.1, 'stop_loss_frac': 0.0025, 'take_profit_frac': 0.005, 'max_hold_hours': 1.0}",-0.1
2025-11-01 23:40:00,0,"{'stake_short_frac': 0.05, 'stake_long_frac': 0.1, 'stop_loss_frac': 0.0025, 'take_profit_frac': 0.005, 'max_hold_hours': 1.0}",-0.1
2025-11-02 02:00:00,0,"{'stake_short_frac': 0.05, 'stake_long_frac': 0.1, 'stop_loss_frac': 0.0025, 'take_profit_frac': 0.005, 'max_hold_hours': 1.0}",-0.1
2025-11-02 04:20:00,0,"{'stake_short_frac': 0.05, 'stake_long_frac': 0.1, 'stop_loss_frac': 0.0025, 'take_profit_frac': 0.005, 'max_hold_hours': 1.0}",-0.1
2025-11-02 06:40:00,0,"{'stake_short_frac': 0.05, 'stake_long_frac': 0.1, 'stop_loss_frac': 0.0025, 'take_profit_frac': 0.005, 'max_hold_hours': 1.0}",-0.1
2025-11-02 09:00:00,0,"{'stake_short_frac': 0.05, 'stake_long_frac': 0.1, 'stop_loss_frac': 0.0025, 'take_profit_frac': 0.005, 'max_hold_hours': 1.0}",-0.1
2025-11-02 11:20:00,0,"{'stake_short_frac': 0.05, 'stake_long_frac': 0.1, 'stop_loss_frac': 0.0025, 'take_profit_frac': 0.005, 'max_hold_hours': 1.0}",-0.1
2025-11-02 13:40:00,0,"{'stake_short_frac': 0.05, 'stake_long_frac': 0.1, 'stop_loss_frac': 0.0025, 'take_profit_frac': 0.005, 'max_hold_hours': 1.0}",-0.1
2025-11-02 16:00:00,0,"{'stake_short_frac': 0.05, 'stake_long_frac': 0.1, 'stop_loss_frac': 0.0025, 'take_profit_frac': 0.005, 'max_hold_hours': 1.0}",-0.1
2025-11-02 18:20:00,0,"{'stake_short_frac': 0.05, 'stake_long_frac': 0.1, 'stop_loss_frac': 0.0025, 'take_profit_frac': 0.005, 'max_hold_hours': 1.0}",-0.1
2025-11-02 20:40:00,0,"{'stake_short_frac': 0.05, 'stake_long_frac': 0.1, 'stop_loss_frac': 0.0025, 'take_profit_frac': 0.005, 'max_hold_hours': 1.0}",-0.1
2025-11-02 23:00:00,108,"{'stake_short_frac': 0.05, 'stake_long_frac': 0.25, 'stop_loss_frac': 0.0025, 'take_profit_frac': 0.005, 'max_hold_hours': 1.0}",2.0541
2025-11-03 01:20:00,439,"{'stake_short_frac': 0.15, 'stake_long_frac': 0.25, 'stop_loss_frac': 0.005, 'take_profit_frac': 0.01, 'max_hold_hours': 2.0}",2.10646
2025-11-03 03:40:00,439,"{'stake_short_frac': 0.15, 'stake_long_frac': 0.25, 'stop_loss_frac': 0.005, 'take_profit_frac': 0.01, 'max_hold_hours': 2.0}",2.15636
2025-11-03 06:00:00,439,"{'stake_short_frac': 0.15, 'stake_long_frac': 0.25, 'stop_loss_frac': 0.005, 'take_profit_frac': 0.01, 'max_hold_hours': 2.0}",2.15636
2025-11-03 08:20:00,439,"{'stake_short_frac': 0.15, 'stake_long_frac': 0.25, 'stop_loss_frac': 0.005, 'take_profit_frac': 0.01, 'max_hold_hours': 2.0}",2.15636
2025-11-03 10:40:00,439,"{'stake_short_frac': 0.15, 'stake_long_frac': 0.25, 'stop_loss_frac': 0.005, 'take_profit_frac': 0.01, 'max_hold_hours': 2.0}",2.15636
2025-11-03 13:00:00,439,"{'stake_short_frac': 0.15, 'stake_long_frac': 0.25, 'stop_loss_frac': 0.005, 'take_profit_frac': 0.01, 'max_hold_hours': 2.0}",2.20665
2025-11-03 15:20:00,439,"{'stake_short_frac': 0.15, 'stake_long_frac': 0.25, 'stop_loss_frac': 0.005, 'take_profit_frac': 0.01, 'max_hold_hours': 2.0}",2.25598
2025-11-03 17:40:00,439,"{'stake_short_frac': 0.15, 'stake_long_frac': 0.25, 'stop_loss_frac': 0.005, 'take_profit_frac': 0.01, 'max_hold_hours': 2.0}",2.30708
2025-11-03 20:00:00,439,"{'stake_short_frac': 0.15, 'stake_long_frac': 0.25, 'stop_loss_frac': 0.005, 'take_profit_frac': 0.01, 'max_hold_hours': 2.0}",2.30708
2025-11-03 22:20:00,439,"{'stake_short_frac': 0.15, 'stake_long_frac': 0.25, 'stop_loss_frac': 0.005, 'take_profit_frac': 0.01, 'max_hold_hours': 2.0}",2.30708
2025-11-04 00:40:00,451,"{'stake_short_frac': 0.15, 'stake_long_frac': 0.25, 'stop_loss_frac': 0.015, 'take_profit_frac': 0.03, 'max_hold_hours': 2.0}",2.20863
2025-11-04 03:00:00,451,"{'stake_short_frac': 0.15, 'stake_long_frac': 0.25, 'stop_loss_frac': 0.015, 'take_profit_frac': 0.03, 'max_hold_hours': 2.0}",2.15948
2025-11-04 05:20:00,451,"{'stake_short_frac': 0.15, 'stake_long_frac': 0.25, 'stop_loss_frac': 0.015, 'take_profit_frac': 0.03, 'max_hold_hours': 2.0}",2.20862
2025-11-04 07:40:00,451,"{'stake_short_frac': 0.15, 'stake_long_frac': 0.25, 'stop_loss_frac': 0.015, 'take_profit_frac': 0.03, 'max_hold_hours': 2.0}",2.20953
2025-11-04 10:00:00,451,"{'stake_short_frac': 0.15, 'stake_long_frac': 0.25, 'stop_loss_frac': 0.015, 'take_profit_frac': 0.03, 'max_hold_hours': 2.0}",2.20953
2025-11-04 12:20:00,451,"{'stake_short_frac': 0.15, 'stake_long_frac': 0.25, 'stop_loss_frac': 0.015, 'take_profit_frac': 0.03, 'max_hold_hours': 2.0}",2.16117
2025-11-04 14:40:00,452,"{'stake_short_frac': 0.15, 'stake_long_frac': 0.25, 'stop_loss_frac': 0.015, 'take_profit_frac': 0.03, 'max_hold_hours': 4.0}",2.11217
2025-11-04 17:00:00,344,"{'stake_short_frac': 0.15, 'stake_long_frac': 0.1, 'stop_loss_frac': 0.015, 'take_profit_frac': 0.03, 'max_hold_hours': 4.0}",2.11229
2025-11-04 19:20:00,344,"{'stake_short_frac': 0.15, 'stake_long_frac': 0.1, 'stop_loss_frac': 0.015, 'take_profit_frac': 0.03, 'max_hold_hours': 4.0}",2.11417
2025-11-04 21:40:00,459,"{'stake_short_frac': 0.15, 'stake_long_frac': 0.25, 'stop_loss_frac': 0.02, 'take_profit_frac': 0.04, 'max_hold_hours': 8.0}",2.1602
2025-11-05 00:00:00,459,"{'stake_short_frac': 0.15, 'stake_long_frac': 0.25, 'stop_loss_frac': 0.02, 'take_profit_frac': 0.04, 'max_hold_hours': 8.0}",2.16539
2025-11-05 02:20:00,451,"{'stake_short_frac': 0.15, 'stake_long_frac': 0.25, 'stop_loss_frac': 0.015, 'take_profit_frac': 0.03, 'max_hold_hours': 2.0}",2.2141
2025-11-05 04:40:00,451,"{'stake_short_frac': 0.15, 'stake_long_frac': 0.25, 'stop_loss_frac': 0.015, 'take_profit_frac': 0.03, 'max_hold_hours': 2.0}",2.16725
2025-11-05 07:00:00,451,"{'stake_short_frac': 0.15, 'stake_long_frac': 0.25, 'stop_loss_frac': 0.015, 'take_profit_frac': 0.03, 'max_hold_hours': 2.0}",2.16725
2025-11-05 09:20:00,451,"{'stake_short_frac': 0.15, 'stake_long_frac': 0.25, 'stop_loss_frac': 0.015, 'take_profit_frac': 0.03, 'max_hold_hours': 2.0}",2.16725
2025-11-05 11:40:00,451,"{'stake_short_frac': 0.15, 'stake_long_frac': 0.25, 'stop_loss_frac': 0.015, 'take_profit_frac': 0.03, 'max_hold_hours': 2.0}",2.16725
2025-11-05 14:00:00,451,"{'stake_short_frac': 0.15, 'stake_long_frac': 0.25, 'stop_loss_frac': 0.015, 'take_profit_frac': 0.03, 'max_hold_hours': 2.0}",2.16725
2025-11-05 16:20:00,127,"{'stake_short_frac': 0.05, 'stake_long_frac': 0.25, 'stop_loss_frac': 0.015, 'take_profit_frac': 0.03, 'max_hold_hours': 2.0}",2.11865
2025-11-05 18:40:00,127,"{'stake_short_frac': 0.05, 'stake_long_frac': 0.25, 'stop_loss_frac': 0.015, 'take_profit_frac': 0.03, 'max_hold_hours': 2.0}",2.11865
2025-11-05 21:00:00,127,"{'stake_short_frac': 0.05, 'stake_long_frac': 0.25, 'stop_loss_frac': 0.015, 'take_profit_frac': 0.03, 'max_hold_hours': 2.0}",2.11865
2025-11-05 23:20:00,143,"{'stake_short_frac': 0.05, 'stake_long_frac': 0.25, 'stop_loss_frac': 0.03, 'take_profit_frac': 0.06, 'max_hold_hours': 24.0}",2.08656
2025-11-06 01:40:00,0,"{'stake_short_frac': 0.05, 'stake_long_frac': 0.1, 'stop_loss_frac': 0.0025, 'take_profit_frac': 0.005, 'max_hold_hours': 1.0}",-0.1
2025-11-06 04:00:00,0,"{'stake_short_frac': 0.05, 'stake_long_frac': 0.1, 'stop_loss_frac': 0.0025, 'take_profit_frac': 0.005, 'max_hold_hours': 1.0}",-0.1
2025-11-06 06:20:00,0,"{'stake_short_frac': 0.05, 'stake_long_frac': 0.1, 'stop_loss_frac': 0.0025, 'take_profit_frac': 0.005, 'max_hold_hours': 1.0}",-0.1
2025-11-06 08:40:00,0,"{'stake_short_frac': 0.05, 'stake_long_frac': 0.1, 'stop_loss_frac': 0.0025, 'take_profit_frac': 0.005, 'max_hold_hours': 1.0}",-0.1
2025-11-06 11:00:00,0,"{'stake_short_frac': 0.05, 'stake_long_frac': 0.1, 'stop_loss_frac': 0.0025, 'take_profit_frac': 0.005, 'max_hold_hours': 1.0}",-0.1
2025-11-06 13:20:00,0,"{'stake_short_frac': 0.05, 'stake_long_frac': 0.1, 'stop_loss_frac': 0.0025, 'take_profit_frac': 0.005, 'max_hold_hours': 1.0}",-0.1
2025-11-06 15:40:00,0,"{'stake_short_frac': 0.05, 'stake_long_frac': 0.1, 'stop_loss_frac': 0.0025, 'take_profit_frac': 0.005, 'max_hold_hours': 1.0}",-0.1
2025-11-06 18:00:00,0,"{'stake_short_frac': 0.05, 'stake_long_frac': 0.1, 'stop_loss_frac': 0.0025, 'take_profit_frac': 0.005, 'max_hold_hours': 1.0}",-0.1
2025-11-06 20:20:00,0,"{'stake_short_frac': 0.05, 'stake_long_frac': 0.1, 'stop_loss_frac': 0.0025, 'take_profit_frac': 0.005, 'max_hold_hours': 1.0}",-0.1
2025-11-06 22:40:00,0,"{'stake_short_frac': 0.05, 'stake_long_frac': 0.1, 'stop_loss_frac': 0.0025, 'take_profit_frac': 0.005, 'max_hold_hours': 1.0}",-0.1
2025-11-07 01:00:00,0,"{'stake_short_frac': 0.05, 'stake_long_frac': 0.1, 'stop_loss_frac': 0.0025, 'take_profit_frac': 0.005, 'max_hold_hours': 1.0}",-0.1
2025-11-07 03:20:00,0,"{'stake_short_frac': 0.05, 'stake_long_frac': 0.1, 'stop_loss_frac': 0.0025, 'take_profit_frac': 0.005, 'max_hold_hours': 1.0}",-0.1
2025-11-07 05:40:00,0,"{'stake_short_frac': 0.05, 'stake_long_frac': 0.1, 'stop_loss_frac': 0.0025, 'take_profit_frac': 0.005, 'max_hold_hours': 1.0}",-0.1
2025-11-07 08:00:00,0,"{'stake_short_frac': 0.05, 'stake_long_frac': 0.1, 'stop_loss_frac': 0.0025, 'take_profit_frac': 0.005, 'max_hold_hours': 1.0}",-0.1
2025-11-07 10:20:00,0,"{'stake_short_frac': 0.05, 'stake_long_frac': 0.1, 'stop_loss_frac': 0.0025, 'take_profit_frac': 0.005, 'max_hold_hours': 1.0}",-0.1
2025-11-07 12:40:00,0,"{'stake_short_frac': 0.05, 'stake_long_frac': 0.1, 'stop_loss_frac': 0.0025, 'take_profit_frac': 0.005, 'max_hold_hours': 1.0}",-0.1
2025-11-07 15:00:00,0,"{'stake_short_frac': 0.05, 'stake_long_frac': 0.1, 'stop_loss_frac': 0.0025, 'take_profit_frac': 0.005, 'max_hold_hours': 1.0}",-0.1
2025-11-07 17:20:00,115,"{'stake_short_frac': 0.05, 'stake_long_frac': 0.25, 'stop_loss_frac': 0.005, 'take_profit_frac': 0.01, 'max_hold_hours': 2.0}",2.05896
2025-11-07 19:40:00,128,"{'stake_short_frac': 0.05, 'stake_long_frac': 0.25, 'stop_loss_frac': 0.015, 'take_profit_frac': 0.03, 'max_hold_hours': 4.0}",2.06702
2025-11-07 22:00:00,129,"{'stake_short_frac': 0.05, 'stake_long_frac': 0.25, 'stop_loss_frac': 0.015, 'take_profit_frac': 0.03, 'max_hold_hours': 8.0}",2.07108
2025-11-08 00:20:00,129,"{'stake_short_frac': 0.05, 'stake_long_frac': 0.25, 'stop_loss_frac': 0.015, 'take_profit_frac': 0.03, 'max_hold_hours': 8.0}",2.06842
2025-11-08 02:40:00,129,"{'stake_short_frac': 0.05, 'stake_long_frac': 0.25, 'stop_loss_frac': 0.015, 'take_profit_frac': 0.03, 'max_hold_hours': 8.0}",2.06842
2025-11-08 05:00:00,129,"{'stake_short_frac': 0.05, 'stake_long_frac': 0.25, 'stop_loss_frac': 0.015, 'take_profit_frac': 0.03, 'max_hold_hours': 8.0}",2.06842
2025-11-08 07:20:00,129,"{'stake_short_frac': 0.05, 'stake_long_frac': 0.25, 'stop_loss_frac': 0.015, 'take_profit_frac': 0.03, 'max_hold_hours': 8.0}",2.06842
2025-11-08 09:40:00,129,"{'stake_short_frac': 0.05, 'stake_long_frac': 0.25, 'stop_loss_frac': 0.015, 'take_profit_frac': 0.03, 'max_hold_hours': 8.0}",2.06842
2025-11-08 12:00:00,129,"{'stake_short_frac': 0.05, 'stake_long_frac': 0.25, 'stop_loss_frac': 0.015, 'take_profit_frac': 0.03, 'max_hold_hours': 8.0}",2.06842
2025-11-08 14:20:00,129,"{'stake_short_frac': 0.05, 'stake_long_frac': 0.25, 'stop_loss_frac': 0.015, 'take_profit_frac': 0.03, 'max_hold_hours': 8.0}",2.06842
2025-11-08 16:40:00,0,"{'stake_short_frac': 0.05, 'stake_long_frac': 0.1, 'stop_loss_frac': 0.0025, 'take_profit_frac': 0.005, 'max_hold_hours': 1.0}",-0.1
2025-11-08 19:00:00,0,"{'stake_short_frac': 0.05, 'stake_long_frac': 0.1, 'stop_loss_frac': 0.0025, 'take_profit_frac': 0.005, 'max_hold_hours': 1.0}",-0.1
2025-11-08 21:20:00,0,"{'stake_short_frac': 0.05, 'stake_long_frac': 0.1, 'stop_loss_frac': 0.0025, 'take_profit_frac': 0.005, 'max_hold_hours': 1.0}",-0.1
2025-11-08 23:40:00,0,"{'stake_short_frac': 0.05, 'stake_long_frac': 0.1, 'stop_loss_frac': 0.0025, 'take_profit_frac': 0.005, 'max_hold_hours': 1.0}",-0.1
2025-11-09 02:00:00,0,"{'stake_short_frac': 0.05, 'stake_long_frac': 0.1, 'stop_loss_frac': 0.0025, 'take_profit_frac': 0.005, 'max_hold_hours': 1.0}",-0.1
2025-11-09 04:20:00,0,"{'stake_short_frac': 0.05, 'stake_long_frac': 0.1, 'stop_loss_frac': 0.0025, 'take_profit_frac': 0.005, 'max_hold_hours': 1.0}",-0.1
2025-11-09 06:40:00,0,"{'stake_short_frac': 0.05, 'stake_long_frac': 0.1, 'stop_loss_frac': 0.0025, 'take_profit_frac': 0.005, 'max_hold_hours': 1.0}",-0.1
2025-11-09 09:00:00,0,"{'stake_short_frac': 0.05, 'stake_long_frac': 0.1, 'stop_loss_frac': 0.0025, 'take_profit_frac': 0.005, 'max_hold_hours': 1.0}",-0.1
2025-11-09 11:20:00,0,"{'stake_short_frac': 0.05, 'stake_long_frac': 0.1, 'stop_loss_frac': 0.0025, 'take_profit_frac': 0.005, 'max_hold_hours': 1.0}",-0.1
2025-11-09 13:40:00,0,"{'stake_short_frac': 0.05, 'stake_long_frac': 0.1, 'stop_loss_frac': 0.0025, 'take_profit_frac': 0.005, 'max_hold_hours': 1.0}",-0.1
2025-11-09 16:00:00,0,"{'stake_short_frac': 0.05, 'stake_long_frac': 0.1, 'stop_loss_frac': 0.0025, 'take_profit_frac': 0.005, 'max_hold_hours': 1.0}",-0.1
2025-11-09 18:20:00,0,"{'stake_short_frac': 0.05, 'stake_long_frac': 0.1, 'stop_loss_frac': 0.0025, 'take_profit_frac': 0.005, 'max_hold_hours': 1.0}",-0.1
2025-11-09 20:40:00,0,"{'stake_short_frac': 0.05, 'stake_long_frac': 0.1, 'stop_loss_frac': 0.0025, 'take_profit_frac': 0.005, 'max_hold_hours': 1.0}",-0.1
2025-11-09 23:00:00,0,"{'stake_short_frac': 0.05, 'stake_long_frac': 0.1, 'stop_loss_frac': 0.0025, 'take_profit_frac': 0.005, 'max_hold_hours': 1.0}",-0.1
2025-11-10 01:20:00,121,"{'stake_short_frac': 0.05, 'stake_long_frac': 0.25, 'stop_loss_frac': 0.01, 'take_profit_frac': 0.02, 'max_hold_hours': 2.0}",2.06216
2025-11-10 03:40:00,120,"{'stake_short_frac': 0.05, 'stake_long_frac': 0.25, 'stop_loss_frac': 0.01, 'take_profit_frac': 0.02, 'max_hold_hours': 1.0}",2.06205
2025-11-10 06:00:00,120,"{'stake_short_frac': 0.05, 'stake_long_frac': 0.25, 'stop_loss_frac': 0.01, 'take_profit_frac': 0.02, 'max_hold_hours': 1.0}",2.06205
2025-11-10 08:20:00,123,"{'stake_short_frac': 0.05, 'stake_long_frac': 0.25, 'stop_loss_frac': 0.01, 'take_profit_frac': 0.02, 'max_hold_hours': 8.0}",2.06339
2025-11-10 10:40:00,123,"{'stake_short_frac': 0.05, 'stake_long_frac': 0.25, 'stop_loss_frac': 0.01, 'take_profit_frac': 0.02, 'max_hold_hours': 8.0}",2.06339
2025-11-10 13:00:00,123,"{'stake_short_frac': 0.05, 'stake_long_frac': 0.25, 'stop_loss_frac': 0.01, 'take_profit_frac': 0.02, 'max_hold_hours': 8.0}",2.06339
2025-11-10 15:20:00,447,"{'stake_short_frac': 0.15, 'stake_long_frac': 0.25, 'stop_loss_frac': 0.01, 'take_profit_frac': 0.02, 'max_hold_hours': 8.0}",2.10861
2025-11-10 17:40:00,445,"{'stake_short_frac': 0.15, 'stake_long_frac': 0.25, 'stop_loss_frac': 0.01, 'take_profit_frac': 0.02, 'max_hold_hours': 2.0}",2.10793
2025-11-10 20:00:00,445,"{'stake_short_frac': 0.15, 'stake_long_frac': 0.25, 'stop_loss_frac': 0.01, 'take_profit_frac': 0.02, 'max_hold_hours': 2.0}",2.10793
2025-11-10 22:20:00,447,"{'stake_short_frac': 0.15, 'stake_long_frac': 0.25, 'stop_loss_frac': 0.01, 'take_profit_frac': 0.02, 'max_hold_hours': 8.0}",2.10809
2025-11-11 00:40:00,331,"{'stake_short_frac': 0.15, 'stake_long_frac': 0.1, 'stop_loss_frac': 0.005, 'take_profit_frac': 0.01, 'max_hold_hours': 2.0}",2.05651
2025-11-11 03:00:00,331,"{'stake_short_frac': 0.15, 'stake_long_frac': 0.1, 'stop_loss_frac': 0.005, 'take_profit_frac': 0.01, 'max_hold_hours': 2.0}",2.05651
2025-11-11 05:20:00,331,"{'stake_short_frac': 0.15, 'stake_long_frac': 0.1, 'stop_loss_frac': 0.005, 'take_profit_frac': 0.01, 'max_hold_hours': 2.0}",2.05651
2025-11-11 07:40:00,331,"{'stake_short_frac': 0.15, 'stake_long_frac': 0.1, 'stop_loss_frac': 0.005, 'take_profit_frac': 0.01, 'max_hold_hours': 2.0}",2.05651
2025-11-11 10:00:00,331,"{'stake_short_frac': 0.15, 'stake_long_frac': 0.1, 'stop_loss_frac': 0.005, 'take_profit_frac': 0.01, 'max_hold_hours': 2.0}",2.05651
2025-11-11 12:20:00,331,"{'stake_short_frac': 0.15, 'stake_long_frac': 0.1, 'stop_loss_frac': 0.005, 'take_profit_frac': 0.01, 'max_hold_hours': 2.0}",2.05651
2025-11-11 14:40:00,0,"{'stake_short_frac': 0.05, 'stake_long_frac': 0.1, 'stop_loss_frac': 0.0025, 'take_profit_frac': 0.005, 'max_hold_hours': 1.0}",-0.1
2025-11-11 17:00:00,0,"{'stake_short_frac': 0.05, 'stake_long_frac': 0.1, 'stop_loss_frac': 0.0025, 'take_profit_frac': 0.005, 'max_hold_hours': 1.0}",-0.1
2025-11-11 19:20:00,0,"{'stake_short_frac': 0.05, 'stake_long_frac': 0.1, 'stop_loss_frac': 0.0025, 'take_profit_frac': 0.005, 'max_hold_hours': 1.0}",-0.1
2025-11-11 21:40:00,0,"{'stake_short_frac': 0.05, 'stake_long_frac': 0.1, 'stop_loss_frac': 0.0025, 'take_profit_frac': 0.005, 'max_hold_hours': 1.0}",-0.1
2025-11-12 00:00:00,0,"{'stake_short_frac': 0.05, 'stake_long_frac': 0.1, 'stop_loss_frac': 0.0025, 'take_profit_frac': 0.005, 'max_hold_hours': 1.0}",-0.1
2025-11-12 02:20:00,0,"{'stake_short_frac': 0.05, 'stake_long_frac': 0.1, 'stop_loss_frac': 0.0025, 'take_profit_frac': 0.005, 'max_hold_hours': 1.0}",-0.1
2025-11-12 04:40:00,0,"{'stake_short_frac': 0.05, 'stake_long_frac': 0.1, 'stop_loss_frac': 0.0025, 'take_profit_frac': 0.005, 'max_hold_hours': 1.0}",-0.1
2025-11-12 07:00:00,0,"{'stake_short_frac': 0.05, 'stake_long_frac': 0.1, 'stop_loss_frac': 0.0025, 'take_profit_frac': 0.005, 'max_hold_hours': 1.0}",-0.1
2025-11-12 09:20:00,121,"{'stake_short_frac': 0.05, 'stake_long_frac': 0.25, 'stop_loss_frac': 0.01, 'take_profit_frac': 0.02, 'max_hold_hours': 2.0}",2.06103
2025-11-12 11:40:00,122,"{'stake_short_frac': 0.05, 'stake_long_frac': 0.25, 'stop_loss_frac': 0.01, 'take_profit_frac': 0.02, 'max_hold_hours': 4.0}",2.06063
2025-11-12 14:00:00,446,"{'stake_short_frac': 0.15, 'stake_long_frac': 0.25, 'stop_loss_frac': 0.01, 'take_profit_frac': 0.02, 'max_hold_hours': 4.0}",2.10577
2025-11-12 16:20:00,452,"{'stake_short_frac': 0.15, 'stake_long_frac': 0.25, 'stop_loss_frac': 0.015, 'take_profit_frac': 0.03, 'max_hold_hours': 4.0}",2.11287
2025-11-12 18:40:00,452,"{'stake_short_frac': 0.15, 'stake_long_frac': 0.25, 'stop_loss_frac': 0.015, 'take_profit_frac': 0.03, 'max_hold_hours': 4.0}",2.11287
2025-11-12 21:00:00,452,"{'stake_short_frac': 0.15, 'stake_long_frac': 0.25, 'stop_loss_frac': 0.015, 'take_profit_frac': 0.03, 'max_hold_hours': 4.0}",2.11287
2025-11-12 23:20:00,452,"{'stake_short_frac': 0.15, 'stake_long_frac': 0.25, 'stop_loss_frac': 0.015, 'take_profit_frac': 0.03, 'max_hold_hours': 4.0}",2.11287
2025-11-13 01:40:00,452,"{'stake_short_frac': 0.15, 'stake_long_frac': 0.25, 'stop_loss_frac': 0.015, 'take_profit_frac': 0.03, 'max_hold_hours': 4.0}",2.11287
2025-11-13 04:00:00,452,"{'stake_short_frac': 0.15, 'stake_long_frac': 0.25, 'stop_loss_frac': 0.015, 'take_profit_frac': 0.03, 'max_hold_hours': 4.0}",2.11287
2025-11-13 06:20:00,452,"{'stake_short_frac': 0.15, 'stake_long_frac': 0.25, 'stop_loss_frac': 0.015, 'take_profit_frac': 0.03, 'max_hold_hours': 4.0}",2.1623
2025-11-13 08:40:00,452,"{'stake_short_frac': 0.15, 'stake_long_frac': 0.25, 'stop_loss_frac': 0.015, 'take_profit_frac': 0.03, 'max_hold_hours': 4.0}",2.11414
2025-11-13 11:00:00,452,"{'stake_short_frac': 0.15, 'stake_long_frac': 0.25, 'stop_loss_frac': 0.015, 'take_profit_frac': 0.03, 'max_hold_hours': 4.0}",2.11328
2025-11-13 13:20:00,452,"{'stake_short_frac': 0.15, 'stake_long_frac': 0.25, 'stop_loss_frac': 0.015, 'take_profit_frac': 0.03, 'max_hold_hours': 4.0}",2.11328
2025-11-13 15:40:00,122,"{'stake_short_frac': 0.05, 'stake_long_frac': 0.25, 'stop_loss_frac': 0.01, 'take_profit_frac': 0.02, 'max_hold_hours': 4.0}",2.06145
2025-11-13 18:00:00,122,"{'stake_short_frac': 0.05, 'stake_long_frac': 0.25, 'stop_loss_frac': 0.01, 'take_profit_frac': 0.02, 'max_hold_hours': 4.0}",2.06145
2025-11-13 20:20:00,122,"{'stake_short_frac': 0.05, 'stake_long_frac': 0.25, 'stop_loss_frac': 0.01, 'take_profit_frac': 0.02, 'max_hold_hours': 4.0}",2.06145
2025-11-13 22:40:00,122,"{'stake_short_frac': 0.05, 'stake_long_frac': 0.25, 'stop_loss_frac': 0.01, 'take_profit_frac': 0.02, 'max_hold_hours': 4.0}",2.10905
2025-11-14 01:00:00,121,"{'stake_short_frac': 0.05, 'stake_long_frac': 0.25, 'stop_loss_frac': 0.01, 'take_profit_frac': 0.02, 'max_hold_hours': 2.0}",2.10798
2025-11-14 03:20:00,121,"{'stake_short_frac': 0.05, 'stake_long_frac': 0.25, 'stop_loss_frac': 0.01, 'take_profit_frac': 0.02, 'max_hold_hours': 2.0}",2.10798
2025-11-14 05:40:00,114,"{'stake_short_frac': 0.05, 'stake_long_frac': 0.25, 'stop_loss_frac': 0.005, 'take_profit_frac': 0.01, 'max_hold_hours': 1.0}",2.05753
2025-11-14 08:00:00,114,"{'stake_short_frac': 0.05, 'stake_long_frac': 0.25, 'stop_loss_frac': 0.005, 'take_profit_frac': 0.01, 'max_hold_hours': 1.0}",2.05753
2025-11-14 10:20:00,114,"{'stake_short_frac': 0.05, 'stake_long_frac': 0.25, 'stop_loss_frac': 0.005, 'take_profit_frac': 0.01, 'max_hold_hours': 1.0}",2.05753
2025-11-14 12:40:00,114,"{'stake_short_frac': 0.05, 'stake_long_frac': 0.25, 'stop_loss_frac': 0.005, 'take_profit_frac': 0.01, 'max_hold_hours': 1.0}",2.05753
2025-11-14 15:00:00,114,"{'stake_short_frac': 0.05, 'stake_long_frac': 0.25, 'stop_loss_frac': 0.005, 'take_profit_frac': 0.01, 'max_hold_hours': 1.0}",2.05753
2025-11-14 17:20:00,114,"{'stake_short_frac': 0.05, 'stake_long_frac': 0.25, 'stop_loss_frac': 0.005, 'take_profit_frac': 0.01, 'max_hold_hours': 1.0}",2.05753
2025-11-14 19:40:00,114,"{'stake_short_frac': 0.05, 'stake_long_frac': 0.25, 'stop_loss_frac': 0.005, 'take_profit_frac': 0.01, 'max_hold_hours': 1.0}",2.05753
2025-11-14 22:00:00,0,"{'stake_short_frac': 0.05, 'stake_long_frac': 0.1, 'stop_loss_frac': 0.0025, 'take_profit_frac': 0.005, 'max_hold_hours': 1.0}",-0.1
2025-11-15 00:20:00,0,"{'stake_short_frac': 0.05, 'stake_long_frac': 0.1, 'stop_loss_frac': 0.0025, 'take_profit_frac': 0.005, 'max_hold_hours': 1.0}",-0.1
2025-11-15 02:40:00,0,"{'stake_short_frac': 0.05, 'stake_long_frac': 0.1, 'stop_loss_frac': 0.0025, 'take_profit_frac': 0.005, 'max_hold_hours': 1.0}",-0.1
2025-11-15 05:00:00,0,"{'stake_short_frac': 0.05, 'stake_long_frac': 0.1, 'stop_loss_frac': 0.0025, 'take_profit_frac': 0.005, 'max_hold_hours': 1.0}",-0.1
2025-11-15 07:20:00,0,"{'stake_short_frac': 0.05, 'stake_long_frac': 0.1, 'stop_loss_frac': 0.0025, 'take_profit_frac': 0.005, 'max_hold_hours': 1.0}",-0.1
2025-11-15 09:40:00,0,"{'stake_short_frac': 0.05, 'stake_long_frac': 0.1, 'stop_loss_frac': 0.0025, 'take_profit_frac': 0.005, 'max_hold_hours': 1.0}",-0.1
2025-11-15 12:00:00,0,"{'stake_short_frac': 0.05, 'stake_long_frac': 0.1, 'stop_loss_frac': 0.0025, 'take_profit_frac': 0.005, 'max_hold_hours': 1.0}",-0.1
2025-11-15 14:20:00,0,"{'stake_short_frac': 0.05, 'stake_long_frac': 0.1, 'stop_loss_frac': 0.0025, 'take_profit_frac': 0.005, 'max_hold_hours': 1.0}",-0.1
2025-11-15 16:40:00,0,"{'stake_short_frac': 0.05, 'stake_long_frac': 0.1, 'stop_loss_frac': 0.0025, 'take_profit_frac': 0.005, 'max_hold_hours': 1.0}",-0.1
2025-11-15 19:00:00,0,"{'stake_short_frac': 0.05, 'stake_long_frac': 0.1, 'stop_loss_frac': 0.0025, 'take_profit_frac': 0.005, 'max_hold_hours': 1.0}",-0.1
2025-11-15 21:20:00,0,"{'stake_short_frac': 0.05, 'stake_long_frac': 0.1, 'stop_loss_frac': 0.0025, 'take_profit_frac': 0.005, 'max_hold_hours': 1.0}",-0.1
2025-11-15 23:40:00,0,"{'stake_short_frac': 0.05, 'stake_long_frac': 0.1, 'stop_loss_frac': 0.0025, 'take_profit_frac': 0.005, 'max_hold_hours': 1.0}",-0.1
2025-11-16 02:00:00,0,"{'stake_short_frac': 0.05, 'stake_long_frac': 0.1, 'stop_loss_frac': 0.0025, 'take_profit_frac': 0.005, 'max_hold_hours': 1.0}",-0.1
2025-11-16 04:20:00,0,"{'stake_short_frac': 0.05, 'stake_long_frac': 0.1, 'stop_loss_frac': 0.0025, 'take_profit_frac': 0.005, 'max_hold_hours': 1.0}",-0.1
2025-11-16 06:40:00,0,"{'stake_short_frac': 0.05, 'stake_long_frac': 0.1, 'stop_loss_frac': 0.0025, 'take_profit_frac': 0.005, 'max_hold_hours': 1.0}",-0.1
2025-11-16 09:00:00,0,"{'stake_short_frac': 0.05, 'stake_long_frac': 0.1, 'stop_loss_frac': 0.0025, 'take_profit_frac': 0.005, 'max_hold_hours': 1.0}",-0.1
2025-11-16 11:20:00,0,"{'stake_short_frac': 0.05, 'stake_long_frac': 0.1, 'stop_loss_frac': 0.0025, 'take_profit_frac': 0.005, 'max_hold_hours': 1.0}",-0.1
2025-11-16 13:40:00,0,"{'stake_short_frac': 0.05, 'stake_long_frac': 0.1, 'stop_loss_frac': 0.0025, 'take_profit_frac': 0.005, 'max_hold_hours': 1.0}",-0.1
2025-11-16 16:00:00,0,"{'stake_short_frac': 0.05, 'stake_long_frac': 0.1, 'stop_loss_frac': 0.0025, 'take_profit_frac': 0.005, 'max_hold_hours': 1.0}",-0.1
2025-11-16 18:20:00,0,"{'stake_short_frac': 0.05, 'stake_long_frac': 0.1, 'stop_loss_frac': 0.0025, 'take_profit_frac': 0.005, 'max_hold_hours': 1.0}",-0.1
2025-11-16 20:40:00,0,"{'stake_short_frac': 0.05, 'stake_long_frac': 0.1, 'stop_loss_frac': 0.0025, 'take_profit_frac': 0.005, 'max_hold_hours': 1.0}",-0.1
2025-11-16 23:00:00,0,"{'stake_short_frac': 0.05, 'stake_long_frac': 0.1, 'stop_loss_frac': 0.0025, 'take_profit_frac': 0.005, 'max_hold_hours': 1.0}",-0.1
2025-11-17 01:20:00,121,"{'stake_short_frac': 0.05, 'stake_long_frac': 0.25, 'stop_loss_frac': 0.01, 'take_profit_frac': 0.02, 'max_hold_hours': 2.0}",2.06505
2025-11-17 03:40:00,129,"{'stake_short_frac': 0.05, 'stake_long_frac': 0.25, 'stop_loss_frac': 0.015, 'take_profit_frac': 0.03, 'max_hold_hours': 8.0}",2.06546
2025-11-17 06:00:00,121,"{'stake_short_frac': 0.05, 'stake_long_frac': 0.25, 'stop_loss_frac': 0.01, 'take_profit_frac': 0.02, 'max_hold_hours': 2.0}",2.06505
2025-11-17 08:20:00,130,"{'stake_short_frac': 0.05, 'stake_long_frac': 0.25, 'stop_loss_frac': 0.015, 'take_profit_frac': 0.03, 'max_hold_hours': 16.0}",2.07067
2025-11-17 10:40:00,130,"{'stake_short_frac': 0.05, 'stake_long_frac': 0.25, 'stop_loss_frac': 0.015, 'take_profit_frac': 0.03, 'max_hold_hours': 16.0}",2.0687
2025-11-17 13:00:00,453,"{'stake_short_frac': 0.15, 'stake_long_frac': 0.25, 'stop_loss_frac': 0.015, 'take_profit_frac': 0.03, 'max_hold_hours': 8.0}",2.10859
2025-11-17 15:20:00,445,"{'stake_short_frac': 0.15, 'stake_long_frac': 0.25, 'stop_loss_frac': 0.01, 'take_profit_frac': 0.02, 'max_hold_hours': 2.0}",2.15917
2025-11-17 17:40:00,445,"{'stake_short_frac': 0.15, 'stake_long_frac': 0.25, 'stop_loss_frac': 0.01, 'take_profit_frac': 0.02, 'max_hold_hours': 2.0}",2.16038
2025-11-17 20:00:00,445,"{'stake_short_frac': 0.15, 'stake_long_frac': 0.25, 'stop_loss_frac': 0.01, 'take_profit_frac': 0.02, 'max_hold_hours': 2.0}",2.16038
2025-11-17 22:20:00,445,"{'stake_short_frac': 0.15, 'stake_long_frac': 0.25, 'stop_loss_frac': 0.01, 'take_profit_frac': 0.02, 'max_hold_hours': 2.0}",2.16038
2025-11-18 00:40:00,337,"{'stake_short_frac': 0.15, 'stake_long_frac': 0.1, 'stop_loss_frac': 0.01, 'take_profit_frac': 0.02, 'max_hold_hours': 2.0}",2.10805
2025-11-18 03:00:00,337,"{'stake_short_frac': 0.15, 'stake_long_frac': 0.1, 'stop_loss_frac': 0.01, 'take_profit_frac': 0.02, 'max_hold_hours': 2.0}",2.15754
2025-11-18 05:20:00,337,"{'stake_short_frac': 0.15, 'stake_long_frac': 0.1, 'stop_loss_frac': 0.01, 'take_profit_frac': 0.02, 'max_hold_hours': 2.0}",2.15854
2025-11-18 07:40:00,445,"{'stake_short_frac': 0.15, 'stake_long_frac': 0.25, 'stop_loss_frac': 0.01, 'take_profit_frac': 0.02, 'max_hold_hours': 2.0}",2.20849
2025-11-18 10:00:00,445,"{'stake_short_frac': 0.15, 'stake_long_frac': 0.25, 'stop_loss_frac': 0.01, 'take_profit_frac': 0.02, 'max_hold_hours': 2.0}",2.21035
2025-11-18 12:20:00,452,"{'stake_short_frac': 0.15, 'stake_long_frac': 0.25, 'stop_loss_frac': 0.015, 'take_profit_frac': 0.03, 'max_hold_hours': 4.0}",2.16203
2025-11-18 14:40:00,452,"{'stake_short_frac': 0.15, 'stake_long_frac': 0.25, 'stop_loss_frac': 0.015, 'take_profit_frac': 0.03, 'max_hold_hours': 4.0}",2.2095
2025-11-18 17:00:00,452,"{'stake_short_frac': 0.15, 'stake_long_frac': 0.25, 'stop_loss_frac': 0.015, 'take_profit_frac': 0.03, 'max_hold_hours': 4.0}",2.1644
2025-11-18 19:20:00,452,"{'stake_short_frac': 0.15, 'stake_long_frac': 0.25, 'stop_loss_frac': 0.015, 'take_profit_frac': 0.03, 'max_hold_hours': 4.0}",2.16473
2025-11-18 21:40:00,452,"{'stake_short_frac': 0.15, 'stake_long_frac': 0.25, 'stop_loss_frac': 0.015, 'take_profit_frac': 0.03, 'max_hold_hours': 4.0}",2.16473
2025-11-19 00:00:00,452,"{'stake_short_frac': 0.15, 'stake_long_frac': 0.25, 'stop_loss_frac': 0.015, 'take_profit_frac': 0.03, 'max_hold_hours': 4.0}",2.16473
2025-11-19 02:20:00,128,"{'stake_short_frac': 0.05, 'stake_long_frac': 0.25, 'stop_loss_frac': 0.015, 'take_profit_frac': 0.03, 'max_hold_hours': 4.0}",2.11843
2025-11-19 04:40:00,128,"{'stake_short_frac': 0.05, 'stake_long_frac': 0.25, 'stop_loss_frac': 0.015, 'take_profit_frac': 0.03, 'max_hold_hours': 4.0}",2.11843
2025-11-19 07:00:00,123,"{'stake_short_frac': 0.05, 'stake_long_frac': 0.25, 'stop_loss_frac': 0.01, 'take_profit_frac': 0.02, 'max_hold_hours': 8.0}",2.11618
2025-11-19 09:20:00,128,"{'stake_short_frac': 0.05, 'stake_long_frac': 0.25, 'stop_loss_frac': 0.015, 'take_profit_frac': 0.03, 'max_hold_hours': 4.0}",2.06973
2025-11-19 11:40:00,128,"{'stake_short_frac': 0.05, 'stake_long_frac': 0.25, 'stop_loss_frac': 0.015, 'take_profit_frac': 0.03, 'max_hold_hours': 4.0}",2.06973
2025-11-19 14:00:00,128,"{'stake_short_frac': 0.05, 'stake_long_frac': 0.25, 'stop_loss_frac': 0.015, 'take_profit_frac': 0.03, 'max_hold_hours': 4.0}",2.06973
2025-11-19 16:20:00,343,"{'stake_short_frac': 0.15, 'stake_long_frac': 0.1, 'stop_loss_frac': 0.015, 'take_profit_frac': 0.03, 'max_hold_hours': 2.0}",2.05936
2025-11-19 18:40:00,344,"{'stake_short_frac': 0.15, 'stake_long_frac': 0.1, 'stop_loss_frac': 0.015, 'take_profit_frac': 0.03, 'max_hold_hours': 4.0}",2.06338
2025-11-19 21:00:00,345,"{'stake_short_frac': 0.15, 'stake_long_frac': 0.1, 'stop_loss_frac': 0.015, 'take_profit_frac': 0.03, 'max_hold_hours': 8.0}",2.06423
2025-11-19 23:20:00,345,"{'stake_short_frac': 0.15, 'stake_long_frac': 0.1, 'stop_loss_frac': 0.015, 'take_profit_frac': 0.03, 'max_hold_hours': 8.0}",2.06423
2025-11-20 01:40:00,345,"{'stake_short_frac': 0.15, 'stake_long_frac': 0.1, 'stop_loss_frac': 0.015, 'take_profit_frac': 0.03, 'max_hold_hours': 8.0}",2.06423
2025-11-20 04:00:00,345,"{'stake_short_frac': 0.15, 'stake_long_frac': 0.1, 'stop_loss_frac': 0.015, 'take_profit_frac': 0.03, 'max_hold_hours': 8.0}",2.06423
2025-11-20 06:20:00,345,"{'stake_short_frac': 0.15, 'stake_long_frac': 0.1, 'stop_loss_frac': 0.015, 'take_profit_frac': 0.03, 'max_hold_hours': 8.0}",2.06423
2025-11-20 08:40:00,345,"{'stake_short_frac': 0.15, 'stake_long_frac': 0.1, 'stop_loss_frac': 0.015, 'take_profit_frac': 0.03, 'max_hold_hours': 8.0}",2.06423
2025-11-20 11:00:00,345,"{'stake_short_frac': 0.15, 'stake_long_frac': 0.1, 'stop_loss_frac': 0.015, 'take_profit_frac': 0.03, 'max_hold_hours': 8.0}",2.06423
2025-11-20 13:20:00,345,"{'stake_short_frac': 0.15, 'stake_long_frac': 0.1, 'stop_loss_frac': 0.015, 'take_profit_frac': 0.03, 'max_hold_hours': 8.0}",2.06423
2025-11-20 15:40:00,330,"{'stake_short_frac': 0.15, 'stake_long_frac': 0.1, 'stop_loss_frac': 0.005, 'take_profit_frac': 0.01, 'max_hold_hours': 1.0}",2.0525
2025-11-20 18:00:00,324,"{'stake_short_frac': 0.15, 'stake_long_frac': 0.1, 'stop_loss_frac': 0.0025, 'take_profit_frac': 0.005, 'max_hold_hours': 1.0}",2.15306
2025-11-20 20:20:00,324,"{'stake_short_frac': 0.15, 'stake_long_frac': 0.1, 'stop_loss_frac': 0.0025, 'take_profit_frac': 0.005, 'max_hold_hours': 1.0}",2.15306
2025-11-20 22:40:00,324,"{'stake_short_frac': 0.15, 'stake_long_frac': 0.1, 'stop_loss_frac': 0.0025, 'take_profit_frac': 0.005, 'max_hold_hours': 1.0}",2.15306
2025-11-21 01:00:00,324,"{'stake_short_frac': 0.15, 'stake_long_frac': 0.1, 'stop_loss_frac': 0.0025, 'take_profit_frac': 0.005, 'max_hold_hours': 1.0}",2.15306
2025-11-21 03:20:00,324,"{'stake_short_frac': 0.15, 'stake_long_frac': 0.1, 'stop_loss_frac': 0.0025, 'take_profit_frac': 0.005, 'max_hold_hours': 1.0}",2.15306
2025-11-21 05:40:00,324,"{'stake_short_frac': 0.15, 'stake_long_frac': 0.1, 'stop_loss_frac': 0.0025, 'take_profit_frac': 0.005, 'max_hold_hours': 1.0}",2.15306
2025-11-21 08:00:00,324,"{'stake_short_frac': 0.15, 'stake_long_frac': 0.1, 'stop_loss_frac': 0.0025, 'take_profit_frac': 0.005, 'max_hold_hours': 1.0}",2.15306
2025-11-21 10:20:00,324,"{'stake_short_frac': 0.15, 'stake_long_frac': 0.1, 'stop_loss_frac': 0.0025, 'take_profit_frac': 0.005, 'max_hold_hours': 1.0}",2.15306
2025-11-21 12:40:00,473,"{'stake_short_frac': 0.15, 'stake_long_frac': 0.25, 'stop_loss_frac': 0.05, 'take_profit_frac': 0.1, 'max_hold_hours': 24.0}",2.12696
2025-11-21 15:00:00,473,"{'stake_short_frac': 0.15, 'stake_long_frac': 0.25, 'stop_loss_frac': 0.05, 'take_profit_frac': 0.1, 'max_hold_hours': 24.0}",2.1407
2025-11-21 17:20:00,134,"{'stake_short_frac': 0.05, 'stake_long_frac': 0.25, 'stop_loss_frac': 0.02, 'take_profit_frac': 0.04, 'max_hold_hours': 4.0}",2.12859
2025-11-21 19:40:00,134,"{'stake_short_frac': 0.05, 'stake_long_frac': 0.25, 'stop_loss_frac': 0.02, 'take_profit_frac': 0.04, 'max_hold_hours': 4.0}",2.12426
2025-11-21 22:00:00,135,"{'stake_short_frac': 0.05, 'stake_long_frac': 0.25, 'stop_loss_frac': 0.02, 'take_profit_frac': 0.04, 'max_hold_hours': 8.0}",2.12826
2025-11-22 00:20:00,135,"{'stake_short_frac': 0.05, 'stake_long_frac': 0.25, 'stop_loss_frac': 0.02, 'take_profit_frac': 0.04, 'max_hold_hours': 8.0}",2.1282
2025-11-22 02:40:00,135,"{'stake_short_frac': 0.05, 'stake_long_frac': 0.25, 'stop_loss_frac': 0.02, 'take_profit_frac': 0.04, 'max_hold_hours': 8.0}",2.1282
2025-11-22 05:00:00,135,"{'stake_short_frac': 0.05, 'stake_long_frac': 0.25, 'stop_loss_frac': 0.02, 'take_profit_frac': 0.04, 'max_hold_hours': 8.0}",2.1282
2025-11-22 07:20:00,135,"{'stake_short_frac': 0.05, 'stake_long_frac': 0.25, 'stop_loss_frac': 0.02, 'take_profit_frac': 0.04, 'max_hold_hours': 8.0}",2.1282
2025-11-22 09:40:00,135,"{'stake_short_frac': 0.05, 'stake_long_frac': 0.25, 'stop_loss_frac': 0.02, 'take_profit_frac': 0.04, 'max_hold_hours': 8.0}",2.1282
2025-11-22 12:00:00,135,"{'stake_short_frac': 0.05, 'stake_long_frac': 0.25, 'stop_loss_frac': 0.02, 'take_profit_frac': 0.04, 'max_hold_hours': 8.0}",2.1282
2025-11-22 14:20:00,108,"{'stake_short_frac': 0.05, 'stake_long_frac': 0.25, 'stop_loss_frac': 0.0025, 'take_profit_frac': 0.005, 'max_hold_hours': 1.0}",2.10477
2025-11-22 16:40:00,0,"{'stake_short_frac': 0.05, 'stake_long_frac': 0.1, 'stop_loss_frac': 0.0025, 'take_profit_frac': 0.005, 'max_hold_hours': 1.0}",-0.1
2025-11-22 19:00:00,0,"{'stake_short_frac': 0.05, 'stake_long_frac': 0.1, 'stop_loss_frac': 0.0025, 'take_profit_frac': 0.005, 'max_hold_hours': 1.0}",-0.1
2025-11-22 21:20:00,0,"{'stake_short_frac': 0.05, 'stake_long_frac': 0.1, 'stop_loss_frac': 0.0025, 'take_profit_frac': 0.005, 'max_hold_hours': 1.0}",-0.1
2025-11-22 23:40:00,0,"{'stake_short_frac': 0.05, 'stake_long_frac': 0.1, 'stop_loss_frac': 0.0025, 'take_profit_frac': 0.005, 'max_hold_hours': 1.0}",-0.1
2025-11-23 02:00:00,0,"{'stake_short_frac': 0.05, 'stake_long_frac': 0.1, 'stop_loss_frac': 0.0025, 'take_profit_frac': 0.005, 'max_hold_hours': 1.0}",-0.1
2025-11-23 04:20:00,0,"{'stake_short_frac': 0.05, 'stake_long_frac': 0.1, 'stop_loss_frac': 0.0025, 'take_profit_frac': 0.005, 'max_hold_hours': 1.0}",-0.1
2025-11-23 06:40:00,0,"{'stake_short_frac': 0.05, 'stake_long_frac': 0.1, 'stop_loss_frac': 0.0025, 'take_profit_frac': 0.005, 'max_hold_hours': 1.0}",-0.1
2025-11-23 09:00:00,0,"{'stake_short_frac': 0.05, 'stake_long_frac': 0.1, 'stop_loss_frac': 0.0025, 'take_profit_frac': 0.005, 'max_hold_hours': 1.0}",-0.1
2025-11-23 11:20:00,0,"{'stake_short_frac': 0.05, 'stake_long_frac': 0.1, 'stop_loss_frac': 0.0025, 'take_profit_frac': 0.005, 'max_hold_hours': 1.0}",-0.1
2025-11-23 13:40:00,0,"{'stake_short_frac': 0.05, 'stake_long_frac': 0.1, 'stop_loss_frac': 0.0025, 'take_profit_frac': 0.005, 'max_hold_hours': 1.0}",-0.1
2025-11-23 16:00:00,0,"{'stake_short_frac': 0.05, 'stake_long_frac': 0.1, 'stop_loss_frac': 0.0025, 'take_profit_frac': 0.005, 'max_hold_hours': 1.0}",-0.1
2025-11-23 18:20:00,0,"{'stake_short_frac': 0.05, 'stake_long_frac': 0.1, 'stop_loss_frac': 0.0025, 'take_profit_frac': 0.005, 'max_hold_hours': 1.0}",-0.1
2025-11-23 20:40:00,0,"{'stake_short_frac': 0.05, 'stake_long_frac': 0.1, 'stop_loss_frac': 0.0025, 'take_profit_frac': 0.005, 'max_hold_hours': 1.0}",-0.1
2025-11-23 23:00:00,325,"{'stake_short_frac': 0.15, 'stake_long_frac': 0.1, 'stop_loss_frac': 0.0025, 'take_profit_frac': 0.005, 'max_hold_hours': 2.0}",2.05228
2025-11-24 01:20:00,338,"{'stake_short_frac': 0.15, 'stake_long_frac': 0.1, 'stop_loss_frac': 0.01, 'take_profit_frac': 0.02, 'max_hold_hours': 4.0}",2.05982
2025-11-24 03:40:00,338,"{'stake_short_frac': 0.15, 'stake_long_frac': 0.1, 'stop_loss_frac': 0.01, 'take_profit_frac': 0.02, 'max_hold_hours': 4.0}",2.05982
2025-11-24 06:00:00,338,"{'stake_short_frac': 0.15, 'stake_long_frac': 0.1, 'stop_loss_frac': 0.01, 'take_profit_frac': 0.02, 'max_hold_hours': 4.0}",2.05982
2025-11-24 08:20:00,338,"{'stake_short_frac': 0.15, 'stake_long_frac': 0.1, 'stop_loss_frac': 0.01, 'take_profit_frac': 0.02, 'max_hold_hours': 4.0}",2.05982
2025-11-24 10:40:00,346,"{'stake_short_frac': 0.15, 'stake_long_frac': 0.1, 'stop_loss_frac': 0.015, 'take_profit_frac': 0.03, 'max_hold_hours': 16.0}",2.06053
2025-11-24 13:00:00,346,"{'stake_short_frac': 0.15, 'stake_long_frac': 0.1, 'stop_loss_frac': 0.015, 'take_profit_frac': 0.03, 'max_hold_hours': 16.0}",2.06008
2025-11-24 15:20:00,439,"{'stake_short_frac': 0.15, 'stake_long_frac': 0.25, 'stop_loss_frac': 0.005, 'take_profit_frac': 0.01, 'max_hold_hours': 2.0}",2.15472
2025-11-24 17:40:00,439,"{'stake_short_frac': 0.15, 'stake_long_frac': 0.25, 'stop_loss_frac': 0.005, 'take_profit_frac': 0.01, 'max_hold_hours': 2.0}",2.20749
2025-11-24 20:00:00,439,"{'stake_short_frac': 0.15, 'stake_long_frac': 0.25, 'stop_loss_frac': 0.005, 'take_profit_frac': 0.01, 'max_hold_hours': 2.0}",2.20749
2025-11-24 22:20:00,438,"{'stake_short_frac': 0.15, 'stake_long_frac': 0.25, 'stop_loss_frac': 0.005, 'take_profit_frac': 0.01, 'max_hold_hours': 1.0}",2.20749
2025-11-25 00:40:00,114,"{'stake_short_frac': 0.05, 'stake_long_frac': 0.25, 'stop_loss_frac': 0.005, 'take_profit_frac': 0.01, 'max_hold_hours': 1.0}",2.15846
2025-11-25 03:00:00,114,"{'stake_short_frac': 0.05, 'stake_long_frac': 0.25, 'stop_loss_frac': 0.005, 'take_profit_frac': 0.01, 'max_hold_hours': 1.0}",2.15846
2025-11-25 05:20:00,114,"{'stake_short_frac': 0.05, 'stake_long_frac': 0.25, 'stop_loss_frac': 0.005, 'take_profit_frac': 0.01, 'max_hold_hours': 1.0}",2.15846
2025-11-25 07:40:00,114,"{'stake_short_frac': 0.05, 'stake_long_frac': 0.25, 'stop_loss_frac': 0.005, 'take_profit_frac': 0.01, 'max_hold_hours': 1.0}",2.15846
2025-11-25 10:00:00,114,"{'stake_short_frac': 0.05, 'stake_long_frac': 0.25, 'stop_loss_frac': 0.005, 'take_profit_frac': 0.01, 'max_hold_hours': 1.0}",2.15846
2025-11-25 12:20:00,114,"{'stake_short_frac': 0.05, 'stake_long_frac': 0.25, 'stop_loss_frac': 0.005, 'take_profit_frac': 0.01, 'max_hold_hours': 1.0}",2.15846
2025-11-25 14:40:00,114,"{'stake_short_frac': 0.05, 'stake_long_frac': 0.25, 'stop_loss_frac': 0.005, 'take_profit_frac': 0.01, 'max_hold_hours': 1.0}",2.15846
2025-11-25 17:00:00,128,"{'stake_short_frac': 0.05, 'stake_long_frac': 0.25, 'stop_loss_frac': 0.015, 'take_profit_frac': 0.03, 'max_hold_hours': 4.0}",2.06768
2025-11-25 19:20:00,0,"{'stake_short_frac': 0.05, 'stake_long_frac': 0.1, 'stop_loss_frac': 0.0025, 'take_profit_frac': 0.005, 'max_hold_hours': 1.0}",-0.1
2025-11-25 21:40:00,0,"{'stake_short_frac': 0.05, 'stake_long_frac': 0.1, 'stop_loss_frac': 0.0025, 'take_profit_frac': 0.005, 'max_hold_hours': 1.0}",-0.1
2025-11-26 00:00:00,0,"{'stake_short_frac': 0.05, 'stake_long_frac': 0.1, 'stop_loss_frac': 0.0025, 'take_profit_frac': 0.005, 'max_hold_hours': 1.0}",-0.1
2025-11-26 02:20:00,0,"{'stake_short_frac': 0.05, 'stake_long_frac': 0.1, 'stop_loss_frac': 0.0025, 'take_profit_frac': 0.005, 'max_hold_hours': 1.0}",-0.1
2025-11-26 04:40:00,0,"{'stake_short_frac': 0.05, 'stake_long_frac': 0.1, 'stop_loss_frac': 0.0025, 'take_profit_frac': 0.005, 'max_hold_hours': 1.0}",-0.1
2025-11-26 07:00:00,0,"{'stake_short_frac': 0.05, 'stake_long_frac': 0.1, 'stop_loss_frac': 0.0025, 'take_profit_frac': 0.005, 'max_hold_hours': 1.0}",-0.1
2025-11-26 09:20:00,0,"{'stake_short_frac': 0.05, 'stake_long_frac': 0.1, 'stop_loss_frac': 0.0025, 'take_profit_frac': 0.005, 'max_hold_hours': 1.0}",-0.1
2025-11-26 11:40:00,0,"{'stake_short_frac': 0.05, 'stake_long_frac': 0.1, 'stop_loss_frac': 0.0025, 'take_profit_frac': 0.005, 'max_hold_hours': 1.0}",-0.1
2025-11-26 14:00:00,0,"{'stake_short_frac': 0.05, 'stake_long_frac': 0.1, 'stop_loss_frac': 0.0025, 'take_profit_frac': 0.005, 'max_hold_hours': 1.0}",-0.1
2025-11-26 16:20:00,114,"{'stake_short_frac': 0.05, 'stake_long_frac': 0.25, 'stop_loss_frac': 0.005, 'take_profit_frac': 0.01, 'max_hold_hours': 1.0}",2.05622
2025-11-26 18:40:00,126,"{'stake_short_frac': 0.05, 'stake_long_frac': 0.25, 'stop_loss_frac': 0.015, 'take_profit_frac': 0.03, 'max_hold_hours': 1.0}",2.11441
2025-11-26 21:00:00,126,"{'stake_short_frac': 0.05, 'stake_long_frac': 0.25, 'stop_loss_frac': 0.015, 'take_profit_frac': 0.03, 'max_hold_hours': 1.0}",2.11441
2025-11-26 23:20:00,126,"{'stake_short_frac': 0.05, 'stake_long_frac': 0.25, 'stop_loss_frac': 0.015, 'take_profit_frac': 0.03, 'max_hold_hours': 1.0}",2.11441
2025-11-27 01:40:00,126,"{'stake_short_frac': 0.05, 'stake_long_frac': 0.25, 'stop_loss_frac': 0.015, 'take_profit_frac': 0.03, 'max_hold_hours': 1.0}",2.11441
2025-11-27 04:00:00,126,"{'stake_short_frac': 0.05, 'stake_long_frac': 0.25, 'stop_loss_frac': 0.015, 'take_profit_frac': 0.03, 'max_hold_hours': 1.0}",2.11441
2025-11-27 06:20:00,126,"{'stake_short_frac': 0.05, 'stake_long_frac': 0.25, 'stop_loss_frac': 0.015, 'take_profit_frac': 0.03, 'max_hold_hours': 1.0}",2.11441
2025-11-27 08:40:00,126,"{'stake_short_frac': 0.05, 'stake_long_frac': 0.25, 'stop_loss_frac': 0.015, 'take_profit_frac': 0.03, 'max_hold_hours': 1.0}",2.11441
2025-11-27 11:00:00,126,"{'stake_short_frac': 0.05, 'stake_long_frac': 0.25, 'stop_loss_frac': 0.015, 'take_profit_frac': 0.03, 'max_hold_hours': 1.0}",2.11441
2025-11-27 13:20:00,126,"{'stake_short_frac': 0.05, 'stake_long_frac': 0.25, 'stop_loss_frac': 0.015, 'take_profit_frac': 0.03, 'max_hold_hours': 1.0}",2.11441
2025-11-27 15:40:00,126,"{'stake_short_frac': 0.05, 'stake_long_frac': 0.25, 'stop_loss_frac': 0.015, 'take_profit_frac': 0.03, 'max_hold_hours': 1.0}",2.11441
2025-11-27 18:00:00,0,"{'stake_short_frac': 0.05, 'stake_long_frac': 0.1, 'stop_loss_frac': 0.0025, 'take_profit_frac': 0.005, 'max_hold_hours': 1.0}",-0.1
2025-11-27 20:20:00,0,"{'stake_short_frac': 0.05, 'stake_long_frac': 0.1, 'stop_loss_frac': 0.0025, 'take_profit_frac': 0.005, 'max_hold_hours': 1.0}",-0.1
2025-11-27 22:40:00,0,"{'stake_short_frac': 0.05, 'stake_long_frac': 0.1, 'stop_loss_frac': 0.0025, 'take_profit_frac': 0.005, 'max_hold_hours': 1.0}",-0.1
2025-11-28 01:00:00,0,"{'stake_short_frac': 0.05, 'stake_long_frac': 0.1, 'stop_loss_frac': 0.0025, 'take_profit_frac': 0.005, 'max_hold_hours': 1.0}",-0.1
2025-11-28 03:20:00,0,"{'stake_short_frac': 0.05, 'stake_long_frac': 0.1, 'stop_loss_frac': 0.0025, 'take_profit_frac': 0.005, 'max_hold_hours': 1.0}",-0.1
2025-11-28 05:40:00,0,"{'stake_short_frac': 0.05, 'stake_long_frac': 0.1, 'stop_loss_frac': 0.0025, 'take_profit_frac': 0.005, 'max_hold_hours': 1.0}",-0.1
2025-11-28 08:00:00,0,"{'stake_short_frac': 0.05, 'stake_long_frac': 0.1, 'stop_loss_frac': 0.0025, 'take_profit_frac': 0.005, 'max_hold_hours': 1.0}",-0.1
2025-11-28 10:20:00,0,"{'stake_short_frac': 0.05, 'stake_long_frac': 0.1, 'stop_loss_frac': 0.0025, 'take_profit_frac': 0.005, 'max_hold_hours': 1.0}",-0.1
2025-11-28 12:40:00,0,"{'stake_short_frac': 0.05, 'stake_long_frac': 0.1, 'stop_loss_frac': 0.0025, 'take_profit_frac': 0.005, 'max_hold_hours': 1.0}",-0.1
2025-11-28 15:00:00,324,"{'stake_short_frac': 0.15, 'stake_long_frac': 0.1, 'stop_loss_frac': 0.0025, 'take_profit_frac': 0.005, 'max_hold_hours': 1.0}",2.05033
2025-11-28 17:20:00,338,"{'stake_short_frac': 0.15, 'stake_long_frac': 0.1, 'stop_loss_frac': 0.01, 'take_profit_frac': 0.02, 'max_hold_hours': 4.0}",2.05797
2025-11-28 19:40:00,338,"{'stake_short_frac': 0.15, 'stake_long_frac': 0.1, 'stop_loss_frac': 0.01, 'take_profit_frac': 0.02, 'max_hold_hours': 4.0}",2.05945
2025-11-28 22:00:00,338,"{'stake_short_frac': 0.15, 'stake_long_frac': 0.1, 'stop_loss_frac': 0.01, 'take_profit_frac': 0.02, 'max_hold_hours': 4.0}",2.05945
2025-11-29 00:20:00,338,"{'stake_short_frac': 0.15, 'stake_long_frac': 0.1, 'stop_loss_frac': 0.01, 'take_profit_frac': 0.02, 'max_hold_hours': 4.0}",2.05945
2025-11-29 02:40:00,338,"{'stake_short_frac': 0.15, 'stake_long_frac': 0.1, 'stop_loss_frac': 0.01, 'take_profit_frac': 0.02, 'max_hold_hours': 4.0}",2.05945
2025-11-29 05:00:00,338,"{'stake_short_frac': 0.15, 'stake_long_frac': 0.1, 'stop_loss_frac': 0.01, 'take_profit_frac': 0.02, 'max_hold_hours': 4.0}",2.05945
2025-11-29 07:20:00,338,"{'stake_short_frac': 0.15, 'stake_long_frac': 0.1, 'stop_loss_frac': 0.01, 'take_profit_frac': 0.02, 'max_hold_hours': 4.0}",2.05945
2025-11-29 09:40:00,338,"{'stake_short_frac': 0.15, 'stake_long_frac': 0.1, 'stop_loss_frac': 0.01, 'take_profit_frac': 0.02, 'max_hold_hours': 4.0}",2.05945
2025-11-29 12:00:00,338,"{'stake_short_frac': 0.15, 'stake_long_frac': 0.1, 'stop_loss_frac': 0.01, 'take_profit_frac': 0.02, 'max_hold_hours': 4.0}",2.05945
2025-11-29 14:20:00,338,"{'stake_short_frac': 0.15, 'stake_long_frac': 0.1, 'stop_loss_frac': 0.01, 'take_profit_frac': 0.02, 'max_hold_hours': 4.0}",2.05945
2025-11-29 16:40:00,0,"{'stake_short_frac': 0.05, 'stake_long_frac': 0.1, 'stop_loss_frac': 0.0025, 'take_profit_frac': 0.005, 'max_hold_hours': 1.0}",-0.1
2025-11-29 19:00:00,0,"{'stake_short_frac': 0.05, 'stake_long_frac': 0.1, 'stop_loss_frac': 0.0025, 'take_profit_frac': 0.005, 'max_hold_hours': 1.0}",-0.1
2025-11-29 21:20:00,0,"{'stake_short_frac': 0.05, 'stake_long_frac': 0.1, 'stop_loss_frac': 0.0025, 'take_profit_frac': 0.005, 'max_hold_hours': 1.0}",-0.1
2025-11-29 23:40:00,0,"{'stake_short_frac': 0.05, 'stake_long_frac': 0.1, 'stop_loss_frac': 0.0025, 'take_profit_frac': 0.005, 'max_hold_hours': 1.0}",-0.1
2025-11-30 02:00:00,0,"{'stake_short_frac': 0.05, 'stake_long_frac': 0.1, 'stop_loss_frac': 0.0025, 'take_profit_frac': 0.005, 'max_hold_hours': 1.0}",-0.1
2025-11-30 04:20:00,0,"{'stake_short_frac': 0.05, 'stake_long_frac': 0.1, 'stop_loss_frac': 0.0025, 'take_profit_frac': 0.005, 'max_hold_hours': 1.0}",-0.1
2025-11-30 06:40:00,0,"{'stake_short_frac': 0.05, 'stake_long_frac': 0.1, 'stop_loss_frac': 0.0025, 'take_profit_frac': 0.005, 'max_hold_hours': 1.0}",-0.1
2025-11-30 09:00:00,0,"{'stake_short_frac': 0.05, 'stake_long_frac': 0.1, 'stop_loss_frac': 0.0025, 'take_profit_frac': 0.005, 'max_hold_hours': 1.0}",-0.1
2025-11-30 11:20:00,0,"{'stake_short_frac': 0.05, 'stake_long_frac': 0.1, 'stop_loss_frac': 0.0025, 'take_profit_frac': 0.005, 'max_hold_hours': 1.0}",-0.1
2025-11-30 13:40:00,0,"{'stake_short_frac': 0.05, 'stake_long_frac': 0.1, 'stop_loss_frac': 0.0025, 'take_profit_frac': 0.005, 'max_hold_hours': 1.0}",-0.1
2025-11-30 16:00:00,0,"{'stake_short_frac': 0.05, 'stake_long_frac': 0.1, 'stop_loss_frac': 0.0025, 'take_profit_frac': 0.005, 'max_hold_hours': 1.0}",-0.1
2025-11-30 18:20:00,0,"{'stake_short_frac': 0.05, 'stake_long_frac': 0.1, 'stop_loss_frac': 0.0025, 'take_profit_frac': 0.005, 'max_hold_hours': 1.0}",-0.1
2025-11-30 20:40:00,0,"{'stake_short_frac': 0.05, 'stake_long_frac': 0.1, 'stop_loss_frac': 0.0025, 'take_profit_frac': 0.005, 'max_hold_hours': 1.0}",-0.1
2025-11-30 23:00:00,324,"{'stake_short_frac': 0.15, 'stake_long_frac': 0.1, 'stop_loss_frac': 0.0025, 'take_profit_frac': 0.005, 'max_hold_hours': 1.0}",2.05093
2025-12-01 01:20:00,356,"{'stake_short_frac': 0.15, 'stake_long_frac': 0.1, 'stop_loss_frac': 0.03, 'take_profit_frac': 0.06, 'max_hold_hours': 4.0}",2.06919
2025-12-01 03:40:00,357,"{'stake_short_frac': 0.15, 'stake_long_frac': 0.1, 'stop_loss_frac': 0.03, 'take_profit_frac': 0.06, 'max_hold_hours': 8.0}",2.07358
2025-12-01 06:00:00,357,"{'stake_short_frac': 0.15, 'stake_long_frac': 0.1, 'stop_loss_frac': 0.03, 'take_profit_frac': 0.06, 'max_hold_hours': 8.0}",2.07711
2025-12-01 08:20:00,465,"{'stake_short_frac': 0.15, 'stake_long_frac': 0.25, 'stop_loss_frac': 0.03, 'take_profit_frac': 0.06, 'max_hold_hours': 8.0}",2.11504
2025-12-01 10:40:00,465,"{'stake_short_frac': 0.15, 'stake_long_frac': 0.25, 'stop_loss_frac': 0.03, 'take_profit_frac': 0.06, 'max_hold_hours': 8.0}",2.11562
2025-12-01 13:00:00,464,"{'stake_short_frac': 0.15, 'stake_long_frac': 0.25, 'stop_loss_frac': 0.03, 'take_profit_frac': 0.06, 'max_hold_hours': 4.0}",2.15921
2025-12-01 15:20:00,451,"{'stake_short_frac': 0.15, 'stake_long_frac': 0.25, 'stop_loss_frac': 0.015, 'take_profit_frac': 0.03, 'max_hold_hours': 2.0}",2.15813
2025-12-01 17:40:00,451,"{'stake_short_frac': 0.15, 'stake_long_frac': 0.25, 'stop_loss_frac': 0.015, 'take_profit_frac': 0.03, 'max_hold_hours': 2.0}",2.20853
2025-12-01 20:00:00,451,"{'stake_short_frac': 0.15, 'stake_long_frac': 0.25, 'stop_loss_frac': 0.015, 'take_profit_frac': 0.03, 'max_hold_hours': 2.0}",2.25837
2025-12-01 22:20:00,432,"{'stake_short_frac': 0.15, 'stake_long_frac': 0.25, 'stop_loss_frac': 0.0025, 'take_profit_frac': 0.005, 'max_hold_hours': 1.0}",2.30433
2025-12-02 00:40:00,108,"{'stake_short_frac': 0.05, 'stake_long_frac': 0.25, 'stop_loss_frac': 0.0025, 'take_profit_frac': 0.005, 'max_hold_hours': 1.0}",2.25463
2025-12-02 03:00:00,108,"{'stake_short_frac': 0.05, 'stake_long_frac': 0.25, 'stop_loss_frac': 0.0025, 'take_profit_frac': 0.005, 'max_hold_hours': 1.0}",2.25463
2025-12-02 05:20:00,108,"{'stake_short_frac': 0.05, 'stake_long_frac': 0.25, 'stop_loss_frac': 0.0025, 'take_profit_frac': 0.005, 'max_hold_hours': 1.0}",2.25463
2025-12-02 07:40:00,108,"{'stake_short_frac': 0.05, 'stake_long_frac': 0.25, 'stop_loss_frac': 0.0025, 'take_profit_frac': 0.005, 'max_hold_hours': 1.0}",2.20482
2025-12-02 10:00:00,108,"{'stake_short_frac': 0.05, 'stake_long_frac': 0.25, 'stop_loss_frac': 0.0025, 'take_profit_frac': 0.005, 'max_hold_hours': 1.0}",2.20482
2025-12-02 12:20:00,108,"{'stake_short_frac': 0.05, 'stake_long_frac': 0.25, 'stop_loss_frac': 0.0025, 'take_profit_frac': 0.005, 'max_hold_hours': 1.0}",2.20482
2025-12-02 14:40:00,108,"{'stake_short_frac': 0.05, 'stake_long_frac': 0.25, 'stop_loss_frac': 0.0025, 'take_profit_frac': 0.005, 'max_hold_hours': 1.0}",2.20464
2025-12-02 17:00:00,108,"{'stake_short_frac': 0.05, 'stake_long_frac': 0.25, 'stop_loss_frac': 0.0025, 'take_profit_frac': 0.005, 'max_hold_hours': 1.0}",2.15485
2025-12-02 19:20:00,108,"{'stake_short_frac': 0.05, 'stake_long_frac': 0.25, 'stop_loss_frac': 0.0025, 'take_profit_frac': 0.005, 'max_hold_hours': 1.0}",2.15485
2025-12-02 21:40:00,142,"{'stake_short_frac': 0.05, 'stake_long_frac': 0.25, 'stop_loss_frac': 0.03, 'take_profit_frac': 0.06, 'max_hold_hours': 16.0}",2.08621
2025-12-03 00:00:00,142,"{'stake_short_frac': 0.05, 'stake_long_frac': 0.25, 'stop_loss_frac': 0.03, 'take_profit_frac': 0.06, 'max_hold_hours': 16.0}",2.0841
2025-12-03 02:20:00,148,"{'stake_short_frac': 0.05, 'stake_long_frac': 0.25, 'stop_loss_frac': 0.05, 'take_profit_frac': 0.1, 'max_hold_hours': 16.0}",2.09852
2025-12-03 04:40:00,148,"{'stake_short_frac': 0.05, 'stake_long_frac': 0.25, 'stop_loss_frac': 0.05, 'take_profit_frac': 0.1, 'max_hold_hours': 16.0}",2.09892
2025-12-03 07:00:00,148,"{'stake_short_frac': 0.05, 'stake_long_frac': 0.25, 'stop_loss_frac': 0.05, 'take_profit_frac': 0.1, 'max_hold_hours': 16.0}",2.10241
2025-12-03 09:20:00,148,"{'stake_short_frac': 0.05, 'stake_long_frac': 0.25, 'stop_loss_frac': 0.05, 'take_profit_frac': 0.1, 'max_hold_hours': 16.0}",2.10241
2025-12-03 11:40:00,148,"{'stake_short_frac': 0.05, 'stake_long_frac': 0.25, 'stop_loss_frac': 0.05, 'take_profit_frac': 0.1, 'max_hold_hours': 16.0}",2.10241
2025-12-03 14:00:00,0,"{'stake_short_frac': 0.05, 'stake_long_frac': 0.1, 'stop_loss_frac': 0.0025, 'take_profit_frac': 0.005, 'max_hold_hours': 1.0}",-0.1
2025-12-03 16:20:00,0,"{'stake_short_frac': 0.05, 'stake_long_frac': 0.1, 'stop_loss_frac': 0.0025, 'take_profit_frac': 0.005, 'max_hold_hours': 1.0}",-0.1
2025-12-03 18:40:00,0,"{'stake_short_frac': 0.05, 'stake_long_frac': 0.1, 'stop_loss_frac': 0.0025, 'take_profit_frac': 0.005, 'max_hold_hours': 1.0}",-0.1
2025-12-03 21:00:00,0,"{'stake_short_frac': 0.05, 'stake_long_frac': 0.1, 'stop_loss_frac': 0.0025, 'take_profit_frac': 0.005, 'max_hold_hours': 1.0}",-0.1
2025-12-03 23:20:00,0,"{'stake_short_frac': 0.05, 'stake_long_frac': 0.1, 'stop_loss_frac': 0.0025, 'take_profit_frac': 0.005, 'max_hold_hours': 1.0}",-0.1
2025-12-04 01:40:00,0,"{'stake_short_frac': 0.05, 'stake_long_frac': 0.1, 'stop_loss_frac': 0.0025, 'take_profit_frac': 0.005, 'max_hold_hours': 1.0}",-0.1
2025-12-04 04:00:00,0,"{'stake_short_frac': 0.05, 'stake_long_frac': 0.1, 'stop_loss_frac': 0.0025, 'take_profit_frac': 0.005, 'max_hold_hours': 1.0}",-0.1
2025-12-04 06:20:00,0,"{'stake_short_frac': 0.05, 'stake_long_frac': 0.1, 'stop_loss_frac': 0.0025, 'take_profit_frac': 0.005, 'max_hold_hours': 1.0}",-0.1
2025-12-04 08:40:00,0,"{'stake_short_frac': 0.05, 'stake_long_frac': 0.1, 'stop_loss_frac': 0.0025, 'take_profit_frac': 0.005, 'max_hold_hours': 1.0}",-0.1
2025-12-04 11:00:00,0,"{'stake_short_frac': 0.05, 'stake_long_frac': 0.1, 'stop_loss_frac': 0.0025, 'take_profit_frac': 0.005, 'max_hold_hours': 1.0}",-0.1
2025-12-04 13:20:00,0,"{'stake_short_frac': 0.05, 'stake_long_frac': 0.1, 'stop_loss_frac': 0.0025, 'take_profit_frac': 0.005, 'max_hold_hours': 1.0}",-0.1
2025-12-04 15:40:00,0,"{'stake_short_frac': 0.05, 'stake_long_frac': 0.1, 'stop_loss_frac': 0.0025, 'take_profit_frac': 0.005, 'max_hold_hours': 1.0}",-0.1
2025-12-04 18:00:00,0,"{'stake_short_frac': 0.05, 'stake_long_frac': 0.1, 'stop_loss_frac': 0.0025, 'take_profit_frac': 0.005, 'max_hold_hours': 1.0}",-0.1
2025-12-04 20:20:00,120,"{'stake_short_frac': 0.05, 'stake_long_frac': 0.25, 'stop_loss_frac': 0.01, 'take_profit_frac': 0.02, 'max_hold_hours': 1.0}",2.05909
2025-12-04 22:40:00,122,"{'stake_short_frac': 0.05, 'stake_long_frac': 0.25, 'stop_loss_frac': 0.01, 'take_profit_frac': 0.02, 'max_hold_hours': 4.0}",2.06263
2025-12-05 01:00:00,121,"{'stake_short_frac': 0.05, 'stake_long_frac': 0.25, 'stop_loss_frac': 0.01, 'take_profit_frac': 0.02, 'max_hold_hours': 2.0}",2.06222
2025-12-05 03:20:00,121,"{'stake_short_frac': 0.05, 'stake_long_frac': 0.25, 'stop_loss_frac': 0.01, 'take_profit_frac': 0.02, 'max_hold_hours': 2.0}",2.06222
2025-12-05 05:40:00,121,"{'stake_short_frac': 0.05, 'stake_long_frac': 0.25, 'stop_loss_frac': 0.01, 'take_profit_frac': 0.02, 'max_hold_hours': 2.0}",2.06222
2025-12-05 08:00:00,121,"{'stake_short_frac': 0.05, 'stake_long_frac': 0.25, 'stop_loss_frac': 0.01, 'take_profit_frac': 0.02, 'max_hold_hours': 2.0}",2.06222
2025-12-05 10:20:00,445,"{'stake_short_frac': 0.15, 'stake_long_frac': 0.25, 'stop_loss_frac': 0.01, 'take_profit_frac': 0.02, 'max_hold_hours': 2.0}",2.10802
2025-12-05 12:40:00,447,"{'stake_short_frac': 0.15, 'stake_long_frac': 0.25, 'stop_loss_frac': 0.01, 'take_profit_frac': 0.02, 'max_hold_hours': 8.0}",2.1082
2025-12-05 15:00:00,453,"{'stake_short_frac': 0.15, 'stake_long_frac': 0.25, 'stop_loss_frac': 0.015, 'take_profit_frac': 0.03, 'max_hold_hours': 8.0}",2.10818
2025-12-05 17:20:00,451,"{'stake_short_frac': 0.15, 'stake_long_frac': 0.25, 'stop_loss_frac': 0.015, 'take_profit_frac': 0.03, 'max_hold_hours': 2.0}",2.15778
2025-12-05 19:40:00,343,"{'stake_short_frac': 0.15, 'stake_long_frac': 0.1, 'stop_loss_frac': 0.015, 'take_profit_frac': 0.03, 'max_hold_hours': 2.0}",2.10556
2025-12-05 22:00:00,343,"{'stake_short_frac': 0.15, 'stake_long_frac': 0.1, 'stop_loss_frac': 0.015, 'take_profit_frac': 0.03, 'max_hold_hours': 2.0}",2.10556
2025-12-06 00:20:00,343,"{'stake_short_frac': 0.15, 'stake_long_frac': 0.1, 'stop_loss_frac': 0.015, 'take_profit_frac': 0.03, 'max_hold_hours': 2.0}",2.10556
2025-12-06 02:40:00,343,"{'stake_short_frac': 0.15, 'stake_long_frac': 0.1, 'stop_loss_frac': 0.015, 'take_profit_frac': 0.03, 'max_hold_hours': 2.0}",2.10556
2025-12-06 05:00:00,343,"{'stake_short_frac': 0.15, 'stake_long_frac': 0.1, 'stop_loss_frac': 0.015, 'take_profit_frac': 0.03, 'max_hold_hours': 2.0}",2.10556
2025-12-06 07:20:00,343,"{'stake_short_frac': 0.15, 'stake_long_frac': 0.1, 'stop_loss_frac': 0.015, 'take_profit_frac': 0.03, 'max_hold_hours': 2.0}",2.10556
2025-12-06 09:40:00,343,"{'stake_short_frac': 0.15, 'stake_long_frac': 0.1, 'stop_loss_frac': 0.015, 'take_profit_frac': 0.03, 'max_hold_hours': 2.0}",2.05729
2025-12-06 12:00:00,343,"{'stake_short_frac': 0.15, 'stake_long_frac': 0.1, 'stop_loss_frac': 0.015, 'take_profit_frac': 0.03, 'max_hold_hours': 2.0}",2.05729
2025-12-06 14:20:00,343,"{'stake_short_frac': 0.15, 'stake_long_frac': 0.1, 'stop_loss_frac': 0.015, 'take_profit_frac': 0.03, 'max_hold_hours': 2.0}",2.05729
2025-12-06 16:40:00,0,"{'stake_short_frac': 0.05, 'stake_long_frac': 0.1, 'stop_loss_frac': 0.0025, 'take_profit_frac': 0.005, 'max_hold_hours': 1.0}",-0.1
2025-12-06 19:00:00,0,"{'stake_short_frac': 0.05, 'stake_long_frac': 0.1, 'stop_loss_frac': 0.0025, 'take_profit_frac': 0.005, 'max_hold_hours': 1.0}",-0.1
2025-12-06 21:20:00,0,"{'stake_short_frac': 0.05, 'stake_long_frac': 0.1, 'stop_loss_frac': 0.0025, 'take_profit_frac': 0.005, 'max_hold_hours': 1.0}",-0.1
2025-12-06 23:40:00,0,"{'stake_short_frac': 0.05, 'stake_long_frac': 0.1, 'stop_loss_frac': 0.0025, 'take_profit_frac': 0.005, 'max_hold_hours': 1.0}",-0.1
2025-12-07 02:00:00,0,"{'stake_short_frac': 0.05, 'stake_long_frac': 0.1, 'stop_loss_frac': 0.0025, 'take_profit_frac': 0.005, 'max_hold_hours': 1.0}",-0.1
2025-12-07 04:20:00,0,"{'stake_short_frac': 0.05, 'stake_long_frac': 0.1, 'stop_loss_frac': 0.0025, 'take_profit_frac': 0.005, 'max_hold_hours': 1.0}",-0.1
2025-12-07 06:40:00,0,"{'stake_short_frac': 0.05, 'stake_long_frac': 0.1, 'stop_loss_frac': 0.0025, 'take_profit_frac': 0.005, 'max_hold_hours': 1.0}",-0.1
2025-12-07 09:00:00,0,"{'stake_short_frac': 0.05, 'stake_long_frac': 0.1, 'stop_loss_frac': 0.0025, 'take_profit_frac': 0.005, 'max_hold_hours': 1.0}",-0.1
2025-12-07 11:20:00,0,"{'stake_short_frac': 0.05, 'stake_long_frac': 0.1, 'stop_loss_frac': 0.0025, 'take_profit_frac': 0.005, 'max_hold_hours': 1.0}",-0.1
2025-12-07 13:40:00,0,"{'stake_short_frac': 0.05, 'stake_long_frac': 0.1, 'stop_loss_frac': 0.0025, 'take_profit_frac': 0.005, 'max_hold_hours': 1.0}",-0.1
2025-12-07 16:00:00,108,"{'stake_short_frac': 0.05, 'stake_long_frac': 0.25, 'stop_loss_frac': 0.0025, 'take_profit_frac': 0.005, 'max_hold_hours': 1.0}",2.1066
